1,Local > Beauty & Spas,294ea30b-dd37-49a1-9805-e9e6c7617902
2,Local > Beauty & Spas > Hair Salons,d9834fcb-5d58-47c5-93ba-d9bf2632e03b
3,Local > Beauty & Spas > Hair Salons > Haircut,c62bc48d-e26a-401a-9efc-7a418f903b74
4,Local > Beauty & Spas > Salons > Barber Shop,dd7b4fa5-3032-498f-a963-f15c803fe91b
5,Local > Beauty & Spas > Hair Salons,d9834fcb-5d58-47c5-93ba-d9bf2632e03b
6,Local > Beauty & Spas > Hair Salons > Hair Straightening,d1bd4740-c1cc-4eb3-98f5-3d131f6f1838
7,Local > Beauty & Spas > Hair Salons,d9834fcb-5d58-47c5-93ba-d9bf2632e03b
8,Local > Beauty & Spas > Hair Salons,d9834fcb-5d58-47c5-93ba-d9bf2632e03b
9,Local > Beauty & Spas > Hair Removal,c2c29edd-3f58-4070-85bf-ad7fb8f908e3
10,Local > Beauty & Spas > Hair Removal > Electrolysis,5b8e42ff-b96c-4ee2-a0fb-f322f4c42ff2
11,Local > Beauty & Spas > Hair Removal > Waxing,3c695d88-a6d5-4eae-8acd-b8e4672b2916
12,Local > Beauty & Spas > Hair Removal > Laser Hair Removal,f42abf1e-94ab-4d54-9962-94199ef65a14
13,Local > Beauty & Spas > Hair Removal > Epilation,d355d4d1-e038-4a5d-8099-386080919486
14,Local > Beauty & Spas > Nail Salons,9e8148e8-c25d-4ae3-9e2e-3495e835f88d
15,Local > Beauty & Spas > Nail Salons,9e8148e8-c25d-4ae3-9e2e-3495e835f88d
16,Local > Beauty & Spas > Nail Salons > Nail Designs,e27b38ee-3965-4b0f-8a12-07fa8a653401
17,Local > Beauty & Spas > Nail Salons > Manicure,53753086-ab33-40f5-84aa-b13a1b443ef8
18,Local > Beauty & Spas > Nail Salons > Pedicure,3681c0cb-32fd-4ad3-b70a-9656383829aa
19,Local > Beauty & Spas > Nail Salons > Pedicure,3681c0cb-32fd-4ad3-b70a-9656383829aa
20,Local > Beauty & Spas > Massage > Reflexology,28f779ab-2dcd-4a12-b972-c86b076aff39
21,Local > Health & Fitness > Medical,b8eaf3c9-7bed-4167-baba-e563781e89f9
22,Local > Beauty & Spas > Nail Salons > Fish Pedicure,1fab2767-ce75-4538-ae4a-62157de45ff5
23,Local > Beauty & Spas > Face & Skin Care > Tanning,eccc0709-d351-4adc-b23b-e86b04275921
24,Local > Beauty & Spas > Salons > Tanning Salons,55146a3d-4bd7-4d99-9109-382b1015e3c9
25,Local > Beauty & Spas > Salons > Tanning Salons,55146a3d-4bd7-4d99-9109-382b1015e3c9
26,Local > Beauty & Spas > Salons > Tanning Salons,55146a3d-4bd7-4d99-9109-382b1015e3c9
27,Local > Beauty & Spas > Salons > Tanning Salons,55146a3d-4bd7-4d99-9109-382b1015e3c9
28,Local > Beauty & Spas > Face & Skin Care > Facial,5ce9c2d8-6b1d-49db-aff7-364b3cd5cd16
29,Local > Beauty & Spas > Face & Skin Care > Facial,5ce9c2d8-6b1d-49db-aff7-364b3cd5cd16
30,Local > Beauty & Spas > Face & Skin Care,05c41219-e7c2-4e72-afea-b9ec7dad0a83
31,Local > Beauty & Spas > Cosmetic Procedures > Permanent Makeup,e7e12837-d02a-4a36-b47c-79cd3be0a9cb
32,Local > Beauty & Spas > Face & Skin Care,05c41219-e7c2-4e72-afea-b9ec7dad0a83
33,Local > Beauty & Spas > Face & Skin Care,05c41219-e7c2-4e72-afea-b9ec7dad0a83
34,Local > Beauty & Spas > Face & Skin Care > Facial,5ce9c2d8-6b1d-49db-aff7-364b3cd5cd16
35,Local > Beauty & Spas > Face & Skin Care > Facial Peel,42fba3b0-331e-40e5-a0af-76146141c13a
36,Local > Beauty & Spas > Face & Skin Care,05c41219-e7c2-4e72-afea-b9ec7dad0a83
37,Local > Beauty & Spas > Face & Skin Care > Microdermabrasion,488d8799-f820-4af2-a3a4-2c6cb86a80fe
38,Local > Beauty & Spas > Face & Skin Care,05c41219-e7c2-4e72-afea-b9ec7dad0a83
39,Local > Beauty & Spas,294ea30b-dd37-49a1-9805-e9e6c7617902
40,Local > Beauty & Spas,294ea30b-dd37-49a1-9805-e9e6c7617902
41,Local > Health & Fitness > Dental,5b41fbfb-ce9b-42e2-8210-53dc8295da4a
42,Local > Health & Fitness > Dental,5b41fbfb-ce9b-42e2-8210-53dc8295da4a
43,Local > Health & Fitness > Dental > Teeth Cleaning,593cf79b-f34e-46dc-852f-faef3ca8afc7
44,Local > Health & Fitness > Dental > Teeth Whitening,6d59f71e-80b2-4888-8b80-17c957ace6d4
45,Local > Health & Fitness > Weight Loss,2157eb9c-f86a-4c7e-b672-5f350a6cda67
46,Local > Health & Fitness > Weight Loss,2157eb9c-f86a-4c7e-b672-5f350a6cda67
47,Local > Health & Fitness > Weight Loss,2157eb9c-f86a-4c7e-b672-5f350a6cda67
48,Local > Health & Fitness > Weight Loss,2157eb9c-f86a-4c7e-b672-5f350a6cda67
49,Local > Health & Fitness > Weight Loss,2157eb9c-f86a-4c7e-b672-5f350a6cda67
50,Local > Health & Fitness > Weight Loss,2157eb9c-f86a-4c7e-b672-5f350a6cda67
51,Local > Beauty & Spas > Cosmetic Procedures > Injectables & Fillers,64c9dac9-d98f-43c3-adcb-cbab9dc662eb
52,Local > Beauty & Spas > Cosmetic Procedures > Injectables & Fillers,64c9dac9-d98f-43c3-adcb-cbab9dc662eb
53,Local > Beauty & Spas > Cosmetic Procedures > Botox,dda9d34f-5a57-4791-8ab8-fcf363fcf9fa
54,Local > Beauty & Spas > Cosmetic Procedures > Injectables & Fillers,64c9dac9-d98f-43c3-adcb-cbab9dc662eb
55,Local > Beauty & Spas,294ea30b-dd37-49a1-9805-e9e6c7617902
56,Local > Beauty & Spas > Spa > Bath House,84238387-ff26-4e11-a5b9-82c5d907d209
57,Local > Beauty & Spas > Spa > Bath House,84238387-ff26-4e11-a5b9-82c5d907d209
58,Local > Beauty & Spas > Spa > Bath House,84238387-ff26-4e11-a5b9-82c5d907d209
59,Local > Beauty & Spas > Spa > Sauna,bdeacb45-0018-483e-936f-764beda88509
60,Local > Beauty & Spas > Massage,8e89c6d5-bc8a-48ad-8cf0-3a675f651009
61,Local > Beauty & Spas > Massage,8e89c6d5-bc8a-48ad-8cf0-3a675f651009
62,Local > Beauty & Spas > Massage,8e89c6d5-bc8a-48ad-8cf0-3a675f651009
63,Local > Beauty & Spas > Massage,8e89c6d5-bc8a-48ad-8cf0-3a675f651009
64,Local > Beauty & Spas > Massage,8e89c6d5-bc8a-48ad-8cf0-3a675f651009
65,Local > Beauty & Spas > Massage,8e89c6d5-bc8a-48ad-8cf0-3a675f651009
66,Local > Beauty & Spas > Massage,8e89c6d5-bc8a-48ad-8cf0-3a675f651009
67,Local > Beauty & Spas > Massage > Foot Massage,e77f2485-f35e-47a5-ba12-fc2053e555f7
68,Local > Beauty & Spas,294ea30b-dd37-49a1-9805-e9e6c7617902
69,Local > Beauty & Spas > Spa,edea8d22-5c94-4c29-ab6b-cde6c3000f98
70,Local > Beauty & Spas > Spa > Day Spa,290bee0f-7d35-45bd-9b9d-624e9ee3f013
71,Local > Beauty & Spas > Spa,edea8d22-5c94-4c29-ab6b-cde6c3000f98
72,Local > Beauty & Spas > Spa > Salt Cave,b9833581-3695-493a-a67b-a068f60be139
73,Local > Beauty & Spas > Spa,edea8d22-5c94-4c29-ab6b-cde6c3000f98
74,Local > Beauty & Spas > Spa,edea8d22-5c94-4c29-ab6b-cde6c3000f98
75,Local > Beauty & Spas > Spa,edea8d22-5c94-4c29-ab6b-cde6c3000f98
76,Local > Health & Fitness,1d73e2c7-995a-4e27-a424-734e366888f7
77,Local > Health & Fitness > Natural Medicine,c0907b1e-2934-4e90-9303-48725a225c47
78,Local > Health & Fitness > Natural Medicine,c0907b1e-2934-4e90-9303-48725a225c47
79,Local > Health & Fitness > Natural Medicine > Acupuncture,b15cd6b1-5c37-445b-93c4-764e4597f020
80,Local > Health & Fitness > Natural Medicine,c0907b1e-2934-4e90-9303-48725a225c47
81,Local > Health & Fitness > Natural Medicine,c0907b1e-2934-4e90-9303-48725a225c47
82,Local > Health & Fitness > Natural Medicine > Chiropractor,373d93cd-f886-4a84-8b14-174785bd4ce6
83,Local > Health & Fitness > Natural Medicine > Hypnosis,be58fe84-6e63-4a42-acbd-e9d7d8186206
84,Local > Beauty & Spas > Cosmetic Procedures,b3f59f49-15a6-4c58-b207-6a2e89773a48
85,Local > Health & Fitness > Medical > Plastic Surgery,5b09094c-d168-4f38-b05e-bb620f45d363
86,Local > Beauty & Spas > Cosmetic Procedures > Breast Augmentation,aa839009-a728-4599-bb3f-d81d9c6f045b
87,Local > Beauty & Spas > Cosmetic Procedures > Breast Augmentation,aa839009-a728-4599-bb3f-d81d9c6f045b
88,Local > Beauty & Spas > Cosmetic Procedures,b3f59f49-15a6-4c58-b207-6a2e89773a48
89,Local > Beauty & Spas > Cosmetic Procedures,
90,Local > Beauty & Spas > Cosmetic Procedures,b3f59f49-15a6-4c58-b207-6a2e89773a48
91,Local > Beauty & Spas > Cosmetic Procedures > Eyelid Surgery,e07d937f-6d58-4e29-9793-558213261621
92,Local > Beauty & Spas > Cosmetic Procedures > Facelift,ae88a28b-4b75-44b3-98a6-f4925d00378c
93,Local > Beauty & Spas > Cosmetic Procedures,b3f59f49-15a6-4c58-b207-6a2e89773a48
94,Local > Beauty & Spas > Cosmetic Procedures > Botox,dda9d34f-5a57-4791-8ab8-fcf363fcf9fa
95,Local > Beauty & Spas > Cosmetic Procedures > Liposuction,cc56769c-30b4-43dc-aae3-69d1e387ecab
96,Local > Beauty & Spas > Cosmetic Procedures > Rhinoplasty,83bfa822-11c9-432b-93ec-ff8f84b174fa
97,Local > Beauty & Spas > Cosmetic Procedures > Tummy Tuck,9c162d58-ae6f-4bb0-a3aa-b2ab71dd569e
98,Local > Beauty & Spas > Cosmetic Procedures > Hair Restoration,6df6625e-3efb-4274-a975-f1876849df12
99,Local > Health & Fitness,1d73e2c7-995a-4e27-a424-734e366888f7
100,Local > Health & Fitness,1d73e2c7-995a-4e27-a424-734e366888f7
101,Local > Health & Fitness > Vision > LASIK,3f0f49b8-920d-4569-a9f2-e3a9a86b2fd5
102,Local > Health & Fitness > Vision > LASIK,3f0f49b8-920d-4569-a9f2-e3a9a86b2fd5
103,Local > Health & Fitness > Dental,5b41fbfb-ce9b-42e2-8210-53dc8295da4a
104,Local > Health & Fitness > Dental > Dentist,9486cd15-b1c4-4a12-901b-8475d9037641
105,Local > Health & Fitness > Dental,5b41fbfb-ce9b-42e2-8210-53dc8295da4a
106,Local > Health & Fitness > Dental > Braces,5a8e5c51-15be-4eba-91c8-0bd6cc9af420
107,Local > Health & Fitness > Dental > Dental Implants,9a0333b9-3b46-4d3f-b6d9-917faede9e28
108,Local > Health & Fitness > Medical > Family Doctor,65f23532-b9ac-4b2c-adbd-e780e8a2a0f3
109,Local > Health & Fitness > Medical > Family Doctor,65f23532-b9ac-4b2c-adbd-e780e8a2a0f3
110,Local > Health & Fitness > Medical,b8eaf3c9-7bed-4167-baba-e563781e89f9
111,Local > Health & Fitness > Vision > Eye Exam,c38c998d-8560-421c-980a-244cc34dcecb
112,Local > Health & Fitness,1d73e2c7-995a-4e27-a424-734e366888f7
113,Local > Health & Fitness,1d73e2c7-995a-4e27-a424-734e366888f7
114,Local > Health & Fitness,1d73e2c7-995a-4e27-a424-734e366888f7
115,Local > Health & Fitness,1d73e2c7-995a-4e27-a424-734e366888f7
116,Local > Health & Fitness,1d73e2c7-995a-4e27-a424-734e366888f7
117,Local > Events & Activities,938de4d2-b8f5-41c7-860f-94ded05f43c8
118,Local > Events & Activities > Things To Do,b31adf54-542d-438b-b76d-09c6aaceb4d7
119,Local > Events & Activities > Things To Do,b31adf54-542d-438b-b76d-09c6aaceb4d7
120,Local > Events & Activities > Sightseeing > Hot Air Balloon,b681907c-ea4a-47aa-8e92-2aff462fab9d
121,Local > Events & Activities > Sightseeing > Helicopter Ride,f2abc0ec-44a3-4d8a-8697-fd8098d18f39
122,Local > Events & Activities > Sightseeing,2afb5ba6-75bc-497e-a53a-be118d00f59a
123,Local > Events & Activities > Things To Do,b31adf54-542d-438b-b76d-09c6aaceb4d7
124,Local > Events & Activities > Things To Do > Skydiving,5e0e5953-76a2-49da-8171-ab6382eeb296
125,Local > Events & Activities > Things To Do > Paragliding,f05e0f70-6f01-4dfb-97bd-d88d11d4f9bc
126,Local > Events & Activities > Things To Do,b31adf54-542d-438b-b76d-09c6aaceb4d7
127,Local > Health & Fitness > Sports > Rock Climbing,70b6f025-1676-477a-bc97-cda4d772eaed
128,Local > Health & Fitness > Sports > Rock Climbing,70b6f025-1676-477a-bc97-cda4d772eaed
129,Local > Health & Fitness > Sports > Rock Climbing,70b6f025-1676-477a-bc97-cda4d772eaed
130,Local > Events & Activities > Things To Do,b31adf54-542d-438b-b76d-09c6aaceb4d7
131,Local > Events & Activities > Things To Do,b31adf54-542d-438b-b76d-09c6aaceb4d7
132,Local > Events & Activities,938de4d2-b8f5-41c7-860f-94ded05f43c8
133,Local > Events & Activities,938de4d2-b8f5-41c7-860f-94ded05f43c8
134,Local > Events & Activities > Things To Do,b31adf54-542d-438b-b76d-09c6aaceb4d7
135,Local > Events & Activities > Classes > Fitness Classes,bd2b8839-27e4-4ca1-867f-f639da133ea6
136,Local > Health & Fitness > Gyms,2e776024-7001-42c3-8897-0fe8285b663f
137,Local > Health & Fitness > Gyms,2e776024-7001-42c3-8897-0fe8285b663f
138,Local > Health & Fitness > Gyms,2e776024-7001-42c3-8897-0fe8285b663f
139,Local > Health & Fitness > Gyms > Yoga,24be88b3-f7e1-4c32-ace2-8186f9594b1c
140,Local > Health & Fitness > Gyms > Pilates,024d4f6c-d1d6-4ecd-905e-0f91c9b4ab54
141,Local > Health & Fitness > Gyms,2e776024-7001-42c3-8897-0fe8285b663f
142,Local > Health & Fitness > Gyms > Boot Camps,a52e6d0a-b504-4944-a53c-af67db00baa0
143,Local > Health & Fitness > Sports,5c934ee6-b8c0-4791-a9ca-02348a96afc8
144,Local > Health & Fitness > Sports,5c934ee6-b8c0-4791-a9ca-02348a96afc8
145,Local > Health & Fitness > Sports > Golf,09b02335-2891-4ab5-9950-0ae27b8b6c53
146,Local > Events & Activities > Things To Do > Mini Golf,66426b5b-fda6-48f6-9322-bc4f5ca7bd69
147,Local > Health & Fitness > Sports > Tennis,69d6dcf1-454b-49bf-97c8-29380769061b
148,Local > Health & Fitness > Sports,5c934ee6-b8c0-4791-a9ca-02348a96afc8
149,Local > Health & Fitness > Sports,5c934ee6-b8c0-4791-a9ca-02348a96afc8
150,Local > Health & Fitness > Sports,5c934ee6-b8c0-4791-a9ca-02348a96afc8
151,Local > Health & Fitness > Sports,5c934ee6-b8c0-4791-a9ca-02348a96afc8
152,Local > Events & Activities > Things To Do > Bowling,e40b4611-0ec5-4587-9ba1-481da452e77f
153,Local > Events & Activities > Things To Do,b31adf54-542d-438b-b76d-09c6aaceb4d7
154,Local > Events & Activities > Things To Do > Cycling,059b4697-56da-4147-a19c-e425d58c7806
155,Local > Events & Activities > Things To Do,b31adf54-542d-438b-b76d-09c6aaceb4d7
156,Local > Events & Activities > Things To Do,b31adf54-542d-438b-b76d-09c6aaceb4d7
157,Local > Health & Fitness > Sports > Skiing & Snowboarding,f386db7c-919e-4762-8f9b-c906c7e101f0
158,Local > Events & Activities > Things To Do,b31adf54-542d-438b-b76d-09c6aaceb4d7
159,Local > Events & Activities > Things To Do > Ice Skating,c8886b50-3b36-413f-a071-1470104e54d1
160,Local > Events & Activities > Things To Do,b31adf54-542d-438b-b76d-09c6aaceb4d7
161,Local > Events & Activities > Things To Do > Dance Classes,7dbe539c-6966-4636-846d-3964e3bc5d13
162,Local > Events & Activities > Things To Do > Dance Classes,7dbe539c-6966-4636-846d-3964e3bc5d13
163,Local > Health & Fitness > Sports,5c934ee6-b8c0-4791-a9ca-02348a96afc8
164,Local > Health & Fitness > Sports,5c934ee6-b8c0-4791-a9ca-02348a96afc8
165,Local > Events & Activities > Things To Do > Amusement Parks,230a35cf-c948-4ef1-89f3-d9df302dff0f
166,Local > Health & Fitness > Sports > Swimming,ab74088f-82a8-40f9-b78d-8c9d6c53498d
167,Local > Health & Fitness > Sports > Swimming,ab74088f-82a8-40f9-b78d-8c9d6c53498d
168,Local > Events & Activities > Things To Do > Sailing,8c83ac81-64d0-4213-8e72-998eab065d24
169,Local > Health & Fitness > Sports > Swimming,ab74088f-82a8-40f9-b78d-8c9d6c53498d
170,Local > Health & Fitness > Sports > Kayaking,089a405d-5ab9-402e-ad78-e45c829c51b5
171,Local > Health & Fitness > Sports,5c934ee6-b8c0-4791-a9ca-02348a96afc8
172,Local > Health & Fitness > Sports > Kayaking,089a405d-5ab9-402e-ad78-e45c829c51b5
173,Local > Events & Activities > Things To Do,b31adf54-542d-438b-b76d-09c6aaceb4d7
174,Local > Events & Activities > Things To Do,b31adf54-542d-438b-b76d-09c6aaceb4d7
175,Local > Events & Activities > Things To Do > Rafting,94b8dbda-5ef4-4a90-a87a-f365f47bde53
176,Local > Events & Activities > Things To Do > Rafting,94b8dbda-5ef4-4a90-a87a-f365f47bde53
177,Local > Events & Activities,938de4d2-b8f5-41c7-860f-94ded05f43c8
178,Local > Events & Activities,938de4d2-b8f5-41c7-860f-94ded05f43c8
179,Local > Events & Activities > Things To Do,b31adf54-542d-438b-b76d-09c6aaceb4d7
180,Local > Events & Activities > Things To Do,b31adf54-542d-438b-b76d-09c6aaceb4d7
181,Local > Events & Activities > Things To Do,b31adf54-542d-438b-b76d-09c6aaceb4d7
182,Local > Events & Activities > Things To Do,b31adf54-542d-438b-b76d-09c6aaceb4d7
183,Local > Events & Activities > Things To Do,b31adf54-542d-438b-b76d-09c6aaceb4d7
184,Local > Events & Activities > Things To Do,b31adf54-542d-438b-b76d-09c6aaceb4d7
185,Local > Events & Activities > Things To Do,b31adf54-542d-438b-b76d-09c6aaceb4d7
186,Local > Events & Activities > Things To Do,b31adf54-542d-438b-b76d-09c6aaceb4d7
187,Local > Events & Activities > Things To Do,b31adf54-542d-438b-b76d-09c6aaceb4d7
188,Local > Events & Activities > Things To Do,b31adf54-542d-438b-b76d-09c6aaceb4d7
189,Local > Events & Activities > Things To Do,b31adf54-542d-438b-b76d-09c6aaceb4d7
190,Local > Events & Activities > Things To Do,b31adf54-542d-438b-b76d-09c6aaceb4d7
191,Local > Events & Activities > Things To Do,b31adf54-542d-438b-b76d-09c6aaceb4d7
192,Local > Events & Activities > Things To Do,b31adf54-542d-438b-b76d-09c6aaceb4d7
193,Local > Events & Activities > Things To Do,b31adf54-542d-438b-b76d-09c6aaceb4d7
194,Local > Events & Activities > Things To Do,b31adf54-542d-438b-b76d-09c6aaceb4d7
195,Local > Events & Activities > Things To Do > Shooting Range,79a2482f-79c3-4673-9709-becca58362b8
196,Local > Events & Activities > Things To Do > Shooting Range,79a2482f-79c3-4673-9709-becca58362b8
197,Local > Events & Activities > Things To Do > Paintball,37d78bbd-ca5b-42b4-82f0-07d3119a8a2c
198,Local > Events & Activities > Things To Do,b31adf54-542d-438b-b76d-09c6aaceb4d7
199,Local > Events & Activities > Things To Do,b31adf54-542d-438b-b76d-09c6aaceb4d7
200,Local > Events & Activities > Things To Do > Shooting Range,79a2482f-79c3-4673-9709-becca58362b8
201,Local > Events & Activities > Things To Do,b31adf54-542d-438b-b76d-09c6aaceb4d7
202,Local > Events & Activities > Things To Do,b31adf54-542d-438b-b76d-09c6aaceb4d7
203,Local > Events & Activities > Things To Do,b31adf54-542d-438b-b76d-09c6aaceb4d7
204,Local > Events & Activities > Things To Do,b31adf54-542d-438b-b76d-09c6aaceb4d7
205,Local > Events & Activities > Things To Do,b31adf54-542d-438b-b76d-09c6aaceb4d7
206,Local > Events & Activities > Things To Do,b31adf54-542d-438b-b76d-09c6aaceb4d7
207,Getaways,b8c12350-fe6b-469f-8e4f-437c8a37aa0d
208,Local > Automotive > Transportation,f48ce4a7-3d70-4dc3-8914-04574a394fbb
209,Local > Automotive > Transportation,f48ce4a7-3d70-4dc3-8914-04574a394fbb
210,Getaways,b8c12350-fe6b-469f-8e4f-437c8a37aa0d
211,Getaways,b8c12350-fe6b-469f-8e4f-437c8a37aa0d
212,Getaways,b8c12350-fe6b-469f-8e4f-437c8a37aa0d
213,Local > Automotive > Transportation,f48ce4a7-3d70-4dc3-8914-04574a394fbb
214,Local > Automotive > Transportation,f48ce4a7-3d70-4dc3-8914-04574a394fbb
215,Local > Automotive > Transportation,f48ce4a7-3d70-4dc3-8914-04574a394fbb
216,Local > Automotive > Auto Rental > Car Rental,09e63f63-864e-4c9e-8cd1-4c737838bdff
217,Local > Automotive > Auto Rental,5cbf575d-832b-4664-a87e-417513044b15
218,Local > Automotive > Transportation,f48ce4a7-3d70-4dc3-8914-04574a394fbb
219,Local > Automotive > Parking > Airport Parking,5e50ed2c-8689-4180-8fc5-c7da7d77f539
220,Getaways > Accommodation,ac620ec5-9e86-4746-9a61-963356f4e933
221,Getaways > Accommodation,ac620ec5-9e86-4746-9a61-963356f4e933
222,Getaways > Hotel,d97f38d1-fc28-4168-bf7a-fdd85afa34e3
223,Getaways > Accommodation,ac620ec5-9e86-4746-9a61-963356f4e933
224,Getaways > Accommodation,ac620ec5-9e86-4746-9a61-963356f4e933
225,Getaways > Bed & Breakfast,c86fb49f-e2a5-4e0a-b7f7-2eb18e5b6333
226,Getaways > Accommodation,ac620ec5-9e86-4746-9a61-963356f4e933
227,Getaways,b8c12350-fe6b-469f-8e4f-437c8a37aa0d
228,Getaways,b8c12350-fe6b-469f-8e4f-437c8a37aa0d
229,Getaways,b8c12350-fe6b-469f-8e4f-437c8a37aa0d
230,Getaways > Resort,58da51a9-b409-483f-8f87-1541a0c8ed93
231,Getaways > Cruise,f1c9d686-c2ed-4969-ad1e-a99d9a5165a9
232,Local > Events & Activities > Things To Do > Tours,73d4d5e2-01b5-4ec1-98ec-787db8ff1c66
233,Getaways,b8c12350-fe6b-469f-8e4f-437c8a37aa0d
234,Getaways,b8c12350-fe6b-469f-8e4f-437c8a37aa0d
235,Getaways,b8c12350-fe6b-469f-8e4f-437c8a37aa0d
236,Getaways,b8c12350-fe6b-469f-8e4f-437c8a37aa0d
237,Getaways,b8c12350-fe6b-469f-8e4f-437c8a37aa0d
238,Getaways,b8c12350-fe6b-469f-8e4f-437c8a37aa0d
239,Local > Events & Activities > Tickets,7fef3478-e7da-4fbe-b015-e6d240558e5e
240,Local > Events & Activities > Tickets,7fef3478-e7da-4fbe-b015-e6d240558e5e
241,Local > Events & Activities > Tickets,7fef3478-e7da-4fbe-b015-e6d240558e5e
242,Local > Events & Activities > Tickets > Movies,336dcb14-e562-4e1c-ac1f-bb54fe50c4d4
243,Local > Events & Activities > Tickets > Movies,336dcb14-e562-4e1c-ac1f-bb54fe50c4d4
244,Local > Events & Activities > Tickets > Movies,336dcb14-e562-4e1c-ac1f-bb54fe50c4d4
245,Local > Events & Activities > Tickets > Movies,336dcb14-e562-4e1c-ac1f-bb54fe50c4d4
246,Local > Events & Activities > Tickets > Sporting Events,f63665f0-a149-474d-897b-12093272194b
247,Local > Events & Activities > Tickets > Sporting Events,f63665f0-a149-474d-897b-12093272194b
248,Local > Events & Activities > Tickets > Sporting Events,f63665f0-a149-474d-897b-12093272194b
249,Local > Events & Activities > Tickets > Sporting Events,f63665f0-a149-474d-897b-12093272194b
250,Local > Events & Activities > Tickets > Sporting Events,f63665f0-a149-474d-897b-12093272194b
251,Local > Events & Activities > Tickets > Sporting Events,f63665f0-a149-474d-897b-12093272194b
252,Local > Events & Activities > Tickets > Sporting Events,f63665f0-a149-474d-897b-12093272194b
253,Local > Events & Activities > Tickets > Sporting Events,f63665f0-a149-474d-897b-12093272194b
254,Local > Events & Activities > Tickets > Sporting Events,f63665f0-a149-474d-897b-12093272194b
255,Local > Events & Activities > Tickets > Sporting Events,f63665f0-a149-474d-897b-12093272194b
256,Local > Events & Activities > Tickets > Sporting Events,f63665f0-a149-474d-897b-12093272194b
257,Local > Events & Activities > Tickets > Sporting Events,f63665f0-a149-474d-897b-12093272194b
258,Local > Events & Activities > Tickets > Sporting Events,f63665f0-a149-474d-897b-12093272194b
259,Local > Events & Activities > Tickets > Sporting Events,f63665f0-a149-474d-897b-12093272194b
260,Local > Events & Activities > Tickets > Sporting Events,f63665f0-a149-474d-897b-12093272194b
261,Local > Events & Activities > Tickets,7fef3478-e7da-4fbe-b015-e6d240558e5e
262,Local > Events & Activities > Tickets,7fef3478-e7da-4fbe-b015-e6d240558e5e
263,Local > Events & Activities > Tickets > Theater & Shows,c4788e6b-2a57-4a51-bc86-b2cf4f78108a
264,Local > Events & Activities > Tickets > Theater & Shows,c4788e6b-2a57-4a51-bc86-b2cf4f78108a
265,Local > Events & Activities > Tickets > Concerts,0bc79434-fc4c-482a-b19d-e8af6cc0ac5b
266,Local > Events & Activities > Tickets > Circus,4191fcdf-5396-4b39-931e-c5395ff3070e
267,Local > Events & Activities > Tickets > Concerts,0bc79434-fc4c-482a-b19d-e8af6cc0ac5b
268,Local > Events & Activities > Tickets > Theater & Shows,c4788e6b-2a57-4a51-bc86-b2cf4f78108a
269,Local > Events & Activities > Tickets > Opera,c17a871b-6ab3-4be0-8ed1-f2387e899a96
270,Local > Events & Activities > Tickets > Theater & Shows,c4788e6b-2a57-4a51-bc86-b2cf4f78108a
271,Local > Food & Drink > Bars > Karaoke Bars,3c4c5848-454b-4e8b-9560-bd0cc6c9ff90
272,Local > Events & Activities > Tickets > Ballet,9ce580e0-2408-49d0-a6f3-3f2520b1fb8f
273,Local > Events & Activities > Tickets,7fef3478-e7da-4fbe-b015-e6d240558e5e
274,Local > Events & Activities > Sightseeing > Museums,23854175-639f-47a0-afca-b272636fad59
275,Local > Events & Activities > Tickets,7fef3478-e7da-4fbe-b015-e6d240558e5e
276,Local > Events & Activities > Tickets,7fef3478-e7da-4fbe-b015-e6d240558e5e
277,Local > Events & Activities > Tickets,7fef3478-e7da-4fbe-b015-e6d240558e5e
278,Local > Events & Activities > Tickets,7fef3478-e7da-4fbe-b015-e6d240558e5e
279,Local > Events & Activities > Tickets,7fef3478-e7da-4fbe-b015-e6d240558e5e
280,Local > Events & Activities > Tickets,7fef3478-e7da-4fbe-b015-e6d240558e5e
281,Local > Events & Activities > Things To Do > Amusement Parks,230a35cf-c948-4ef1-89f3-d9df302dff0f
282,Local > Events & Activities > Things To Do > Zoo,eddddaff-31ef-42c5-9154-0b8f17ce37a7
283,Local > Events & Activities > Things To Do > Zoo,eddddaff-31ef-42c5-9154-0b8f17ce37a7
284,Local > Events & Activities > Things To Do > Aquarium,67513bc4-51fc-4171-8755-06422ace193e
285,Local > Events & Activities > Things To Do,b31adf54-542d-438b-b76d-09c6aaceb4d7
286,Local > Events & Activities > Tickets,7fef3478-e7da-4fbe-b015-e6d240558e5e
287,Local > Events & Activities > Tickets,7fef3478-e7da-4fbe-b015-e6d240558e5e
288,Local > Events & Activities > Tickets,7fef3478-e7da-4fbe-b015-e6d240558e5e
289,Local > Events & Activities > Tickets > Festivals,0f9bebb7-1a8a-4e65-99df-c15d84ad9555
290,Local > Events & Activities > Tickets,7fef3478-e7da-4fbe-b015-e6d240558e5e
291,Local > Events & Activities > Tickets,7fef3478-e7da-4fbe-b015-e6d240558e5e
292,Local > Events & Activities > Things To Do > Tours,73d4d5e2-01b5-4ec1-98ec-787db8ff1c66
293,Local > Events & Activities > Things To Do > Tours,73d4d5e2-01b5-4ec1-98ec-787db8ff1c66
294,Local > Events & Activities > Things To Do > Tours,73d4d5e2-01b5-4ec1-98ec-787db8ff1c66
295,Local > Events & Activities > Things To Do > Tours,73d4d5e2-01b5-4ec1-98ec-787db8ff1c66
296,Local > Food & Drink > Restaurants,5b99fc65-2d2f-48d8-ac26-c4b629c0a439
297,Local > Food & Drink > Restaurants,5b99fc65-2d2f-48d8-ac26-c4b629c0a439
298,Local > Food & Drink > Restaurants,5b99fc65-2d2f-48d8-ac26-c4b629c0a439
299,Local > Food & Drink > Restaurants,5b99fc65-2d2f-48d8-ac26-c4b629c0a439
300,Local > Food & Drink > Restaurants,5b99fc65-2d2f-48d8-ac26-c4b629c0a439
301,Local > Food & Drink > Restaurants,5b99fc65-2d2f-48d8-ac26-c4b629c0a439
302,Local > Food & Drink > Restaurants,5b99fc65-2d2f-48d8-ac26-c4b629c0a439
303,Local > Food & Drink > Restaurants,5b99fc65-2d2f-48d8-ac26-c4b629c0a439
304,Local > Food & Drink > Restaurants,5b99fc65-2d2f-48d8-ac26-c4b629c0a439
305,Local > Food & Drink > Restaurants,5b99fc65-2d2f-48d8-ac26-c4b629c0a439
306,Local > Food & Drink > Restaurants,5b99fc65-2d2f-48d8-ac26-c4b629c0a439
307,Local > Food & Drink > Restaurants,5b99fc65-2d2f-48d8-ac26-c4b629c0a439
308,Local > Food & Drink > Restaurants,5b99fc65-2d2f-48d8-ac26-c4b629c0a439
309,Local > Food & Drink > Restaurants,5b99fc65-2d2f-48d8-ac26-c4b629c0a439
310,Local > Food & Drink > Restaurants,5b99fc65-2d2f-48d8-ac26-c4b629c0a439
311,Local > Food & Drink > Restaurants > Steakhouse,d894c9a4-9906-4c22-90f1-9078736385f0
312,Local > Food & Drink > Restaurants > Brazilian Restaurants,953af16d-2c0a-44b4-83ad-3a54b7eb02a1
313,Local > Food & Drink > Restaurants > Brazilian Restaurants,953af16d-2c0a-44b4-83ad-3a54b7eb02a1
314,Local > Food & Drink > Restaurants > Steakhouse,d894c9a4-9906-4c22-90f1-9078736385f0
315,Local > Food & Drink > Restaurants > Cuban Restaurants,4b155eeb-8ad8-4dc1-a899-e150b190b02c
316,Local > Food & Drink > Restaurants > Cuban Restaurants,4b155eeb-8ad8-4dc1-a899-e150b190b02c
317,Local > Food & Drink > Restaurants,5b99fc65-2d2f-48d8-ac26-c4b629c0a439
318,Local > Food & Drink > Restaurants,5b99fc65-2d2f-48d8-ac26-c4b629c0a439
319,Local > Food & Drink > Restaurants > Mexican Restaurants,18146270-4793-4316-b20b-3cecaefe3431
320,Local > Food & Drink > Restaurants > Mexican Restaurants,18146270-4793-4316-b20b-3cecaefe3431
321,Local > Food & Drink > Restaurants > Mexican Restaurants,18146270-4793-4316-b20b-3cecaefe3431
322,Local > Food & Drink > Restaurants,5b99fc65-2d2f-48d8-ac26-c4b629c0a439
323,Local > Food & Drink > Restaurants,5b99fc65-2d2f-48d8-ac26-c4b629c0a439
324,Local > Food & Drink > Restaurants,5b99fc65-2d2f-48d8-ac26-c4b629c0a439
325,Local > Food & Drink > Restaurants,5b99fc65-2d2f-48d8-ac26-c4b629c0a439
326,Local > Food & Drink > Restaurants > Steakhouse,d894c9a4-9906-4c22-90f1-9078736385f0
327,Local > Food & Drink > Restaurants > Steakhouse,d894c9a4-9906-4c22-90f1-9078736385f0
328,Local > Food & Drink > Restaurants > BBQ Restaurants,840d6273-fa64-492c-bfd4-8896c88d1cd7
329,Local > Food & Drink > Restaurants,5b99fc65-2d2f-48d8-ac26-c4b629c0a439
330,Local > Food & Drink > Restaurants,5b99fc65-2d2f-48d8-ac26-c4b629c0a439
331,Local > Food & Drink > Restaurants > Chinese Restaurants,253e112d-7238-474e-b5dd-3a969347b2f9
332,Local > Food & Drink > Restaurants > Chinese Restaurants,253e112d-7238-474e-b5dd-3a969347b2f9
333,Local > Food & Drink > Restaurants > Chinese Restaurants,253e112d-7238-474e-b5dd-3a969347b2f9
334,Local > Food & Drink > Restaurants > Indian Restaurants,4e38d728-d120-4403-99a8-21c2677acced
335,Local > Food & Drink > Restaurants > Indian Restaurants,4e38d728-d120-4403-99a8-21c2677acced
336,Local > Food & Drink > Restaurants,5b99fc65-2d2f-48d8-ac26-c4b629c0a439
337,Local > Food & Drink > Restaurants,5b99fc65-2d2f-48d8-ac26-c4b629c0a439
338,Local > Food & Drink > Restaurants,5b99fc65-2d2f-48d8-ac26-c4b629c0a439
339,Local > Food & Drink > Restaurants,5b99fc65-2d2f-48d8-ac26-c4b629c0a439
340,Local > Food & Drink > Restaurants > Japanese Restaurants,c96e88fa-8772-4c27-ac05-fc39de85054c
341,Local > Food & Drink > Restaurants > Japanese Restaurants,c96e88fa-8772-4c27-ac05-fc39de85054c
342,Local > Food & Drink > Restaurants > Sushi,85d0caa4-0fc6-4827-b79b-b98077465204
343,Local > Food & Drink > Restaurants > Sushi,85d0caa4-0fc6-4827-b79b-b98077465204
344,Local > Food & Drink > Restaurants > Korean Restaurants,58697cf0-9b7b-494a-a931-a70f1f7ba44a
345,Local > Food & Drink > Restaurants > Korean Restaurants,58697cf0-9b7b-494a-a931-a70f1f7ba44a
346,Local > Food & Drink > Restaurants,5b99fc65-2d2f-48d8-ac26-c4b629c0a439
347,Local > Food & Drink > Restaurants,5b99fc65-2d2f-48d8-ac26-c4b629c0a439
348,Local > Food & Drink > Restaurants,5b99fc65-2d2f-48d8-ac26-c4b629c0a439
349,Local > Food & Drink > Restaurants,5b99fc65-2d2f-48d8-ac26-c4b629c0a439
350,Local > Food & Drink > Restaurants,5b99fc65-2d2f-48d8-ac26-c4b629c0a439
351,Local > Food & Drink > Restaurants,5b99fc65-2d2f-48d8-ac26-c4b629c0a439
352,Local > Food & Drink > Restaurants,5b99fc65-2d2f-48d8-ac26-c4b629c0a439
353,Local > Food & Drink > Restaurants,5b99fc65-2d2f-48d8-ac26-c4b629c0a439
354,Local > Food & Drink > Restaurants > Thai Restaurants,97e7a56b-08ea-4886-8174-f72eb9bbb559
355,Local > Food & Drink > Restaurants > Thai Restaurants,97e7a56b-08ea-4886-8174-f72eb9bbb559
356,Local > Food & Drink > Restaurants,5b99fc65-2d2f-48d8-ac26-c4b629c0a439
357,Local > Food & Drink > Restaurants,5b99fc65-2d2f-48d8-ac26-c4b629c0a439
358,Local > Food & Drink > Restaurants,5b99fc65-2d2f-48d8-ac26-c4b629c0a439
359,Local > Food & Drink > Restaurants,5b99fc65-2d2f-48d8-ac26-c4b629c0a439
360,Local > Food & Drink > Restaurants,5b99fc65-2d2f-48d8-ac26-c4b629c0a439
361,Local > Food & Drink > Restaurants,5b99fc65-2d2f-48d8-ac26-c4b629c0a439
362,Local > Food & Drink > Restaurants,5b99fc65-2d2f-48d8-ac26-c4b629c0a439
363,Local > Food & Drink > Restaurants,5b99fc65-2d2f-48d8-ac26-c4b629c0a439
364,Local > Food & Drink > Restaurants,5b99fc65-2d2f-48d8-ac26-c4b629c0a439
365,Local > Food & Drink > Restaurants,5b99fc65-2d2f-48d8-ac26-c4b629c0a439
366,Local > Food & Drink > Restaurants,5b99fc65-2d2f-48d8-ac26-c4b629c0a439
367,Local > Food & Drink > Restaurants > French Restaurants,bc5ebebe-cae2-4d2a-b64a-335cf4aeb584
368,Local > Food & Drink > Restaurants > French Restaurants,bc5ebebe-cae2-4d2a-b64a-335cf4aeb584
369,Local > Food & Drink > Restaurants > French Restaurants,bc5ebebe-cae2-4d2a-b64a-335cf4aeb584
370,Local > Food & Drink > Restaurants,5b99fc65-2d2f-48d8-ac26-c4b629c0a439
371,Local > Food & Drink > Restaurants,5b99fc65-2d2f-48d8-ac26-c4b629c0a439
372,Local > Food & Drink > Restaurants,5b99fc65-2d2f-48d8-ac26-c4b629c0a439
373,Local > Food & Drink > Restaurants,5b99fc65-2d2f-48d8-ac26-c4b629c0a439
374,Local > Food & Drink > Restaurants,5b99fc65-2d2f-48d8-ac26-c4b629c0a439
375,Local > Food & Drink > Restaurants,5b99fc65-2d2f-48d8-ac26-c4b629c0a439
376,Local > Food & Drink > Restaurants,5b99fc65-2d2f-48d8-ac26-c4b629c0a439
377,Local > Food & Drink > Restaurants > Italian Restaurants,bcc67488-4bce-4de3-80ea-5e4a78cd1f90
378,Local > Food & Drink > Restaurants > Italian Restaurants,bcc67488-4bce-4de3-80ea-5e4a78cd1f90
379,Local > Food & Drink > Restaurants > Italian Restaurants,bcc67488-4bce-4de3-80ea-5e4a78cd1f90
380,Local > Food & Drink > Restaurants > Pizza,de167e83-e730-43c1-85d6-60a323825e9d
381,Local > Food & Drink > Restaurants,5b99fc65-2d2f-48d8-ac26-c4b629c0a439
382,Local > Food & Drink > Restaurants,5b99fc65-2d2f-48d8-ac26-c4b629c0a439
383,Local > Food & Drink > Restaurants,5b99fc65-2d2f-48d8-ac26-c4b629c0a439
384,Local > Food & Drink > Restaurants,5b99fc65-2d2f-48d8-ac26-c4b629c0a439
385,Local > Food & Drink > Restaurants,5b99fc65-2d2f-48d8-ac26-c4b629c0a439
386,Local > Food & Drink > Restaurants,5b99fc65-2d2f-48d8-ac26-c4b629c0a439
387,Local > Food & Drink > Restaurants,5b99fc65-2d2f-48d8-ac26-c4b629c0a439
388,Local > Food & Drink > Restaurants,5b99fc65-2d2f-48d8-ac26-c4b629c0a439
389,Local > Food & Drink > Restaurants,5b99fc65-2d2f-48d8-ac26-c4b629c0a439
390,Local > Food & Drink > Restaurants,5b99fc65-2d2f-48d8-ac26-c4b629c0a439
391,Local > Food & Drink > Restaurants,5b99fc65-2d2f-48d8-ac26-c4b629c0a439
392,Local > Food & Drink > Restaurants,5b99fc65-2d2f-48d8-ac26-c4b629c0a439
393,Local > Food & Drink > Restaurants,5b99fc65-2d2f-48d8-ac26-c4b629c0a439
394,Local > Food & Drink > Restaurants,5b99fc65-2d2f-48d8-ac26-c4b629c0a439
395,Local > Food & Drink > Restaurants,5b99fc65-2d2f-48d8-ac26-c4b629c0a439
396,Local > Food & Drink > Restaurants,5b99fc65-2d2f-48d8-ac26-c4b629c0a439
397,Local > Food & Drink > Restaurants,5b99fc65-2d2f-48d8-ac26-c4b629c0a439
398,Local > Food & Drink > Restaurants,5b99fc65-2d2f-48d8-ac26-c4b629c0a439
399,Local > Food & Drink > Restaurants,5b99fc65-2d2f-48d8-ac26-c4b629c0a439
400,Local > Food & Drink > Restaurants,5b99fc65-2d2f-48d8-ac26-c4b629c0a439
401,Local > Food & Drink > Restaurants,5b99fc65-2d2f-48d8-ac26-c4b629c0a439
402,Local > Food & Drink > Restaurants,5b99fc65-2d2f-48d8-ac26-c4b629c0a439
403,Local > Food & Drink > Restaurants,5b99fc65-2d2f-48d8-ac26-c4b629c0a439
404,Local > Food & Drink > Restaurants,5b99fc65-2d2f-48d8-ac26-c4b629c0a439
405,Local > Food & Drink > Restaurants,5b99fc65-2d2f-48d8-ac26-c4b629c0a439
406,Local > Food & Drink > Restaurants,5b99fc65-2d2f-48d8-ac26-c4b629c0a439
407,Local > Food & Drink > Restaurants,5b99fc65-2d2f-48d8-ac26-c4b629c0a439
408,Local > Food & Drink > Restaurants,5b99fc65-2d2f-48d8-ac26-c4b629c0a439
409,Local > Food & Drink > Restaurants,5b99fc65-2d2f-48d8-ac26-c4b629c0a439
410,Local > Food & Drink > Restaurants,5b99fc65-2d2f-48d8-ac26-c4b629c0a439
411,Local > Food & Drink > Restaurants,5b99fc65-2d2f-48d8-ac26-c4b629c0a439
412,Local > Food & Drink > Restaurants,5b99fc65-2d2f-48d8-ac26-c4b629c0a439
413,Local > Food & Drink > Restaurants,5b99fc65-2d2f-48d8-ac26-c4b629c0a439
414,Local > Food & Drink > Restaurants,5b99fc65-2d2f-48d8-ac26-c4b629c0a439
415,Local > Food & Drink > Restaurants,5b99fc65-2d2f-48d8-ac26-c4b629c0a439
416,Local > Food & Drink > Restaurants,5b99fc65-2d2f-48d8-ac26-c4b629c0a439
417,Local > Food & Drink > Restaurants > Diners,b72b5282-4500-4233-904a-64b26096acfe
418,Local > Food & Drink > Restaurants > Diners,b72b5282-4500-4233-904a-64b26096acfe
419,Local > Food & Drink > Restaurants > Diners,b72b5282-4500-4233-904a-64b26096acfe
420,Local > Food & Drink > Restaurants > Chinese Restaurants,253e112d-7238-474e-b5dd-3a969347b2f9
421,Local > Food & Drink > Restaurants,5b99fc65-2d2f-48d8-ac26-c4b629c0a439
422,Local > Food & Drink > Restaurants,5b99fc65-2d2f-48d8-ac26-c4b629c0a439
423,Local > Food & Drink > Restaurants,5b99fc65-2d2f-48d8-ac26-c4b629c0a439
424,Local > Food & Drink > Restaurants,5b99fc65-2d2f-48d8-ac26-c4b629c0a439
425,Local > Food & Drink > Restaurants > Pizza,de167e83-e730-43c1-85d6-60a323825e9d
426,Local > Food & Drink > Restaurants,5b99fc65-2d2f-48d8-ac26-c4b629c0a439
427,Local > Food & Drink > Restaurants,5b99fc65-2d2f-48d8-ac26-c4b629c0a439
428,Local > Food & Drink > Restaurants,5b99fc65-2d2f-48d8-ac26-c4b629c0a439
429,Local > Food & Drink > Restaurants,5b99fc65-2d2f-48d8-ac26-c4b629c0a439
430,Local > Food & Drink > Restaurants,5b99fc65-2d2f-48d8-ac26-c4b629c0a439
431,Local > Food & Drink > Restaurants,5b99fc65-2d2f-48d8-ac26-c4b629c0a439
432,Local > Food & Drink > Restaurants,5b99fc65-2d2f-48d8-ac26-c4b629c0a439
433,Local > Food & Drink > Restaurants,5b99fc65-2d2f-48d8-ac26-c4b629c0a439
434,Local > Food & Drink > Restaurants,5b99fc65-2d2f-48d8-ac26-c4b629c0a439
435,Local > Food & Drink > Restaurants,5b99fc65-2d2f-48d8-ac26-c4b629c0a439
436,Local > Food & Drink > Restaurants,5b99fc65-2d2f-48d8-ac26-c4b629c0a439
437,Local > Food & Drink > Restaurants,5b99fc65-2d2f-48d8-ac26-c4b629c0a439
438,Local > Food & Drink > Restaurants,5b99fc65-2d2f-48d8-ac26-c4b629c0a439
439,Local > Food & Drink > Restaurants,5b99fc65-2d2f-48d8-ac26-c4b629c0a439
440,Local > Food & Drink > Restaurants,5b99fc65-2d2f-48d8-ac26-c4b629c0a439
441,Local > Food & Drink > Restaurants,5b99fc65-2d2f-48d8-ac26-c4b629c0a439
442,Local > Food & Drink > Restaurants,5b99fc65-2d2f-48d8-ac26-c4b629c0a439
443,Local > Food & Drink > Restaurants,5b99fc65-2d2f-48d8-ac26-c4b629c0a439
444,Local > Food & Drink > Restaurants,5b99fc65-2d2f-48d8-ac26-c4b629c0a439
445,Local > Food & Drink > Restaurants > Seafood Restaurants,330dfd81-f889-47f9-884c-f1ccce5fea64
446,Local > Food & Drink > Restaurants > Seafood Restaurants,330dfd81-f889-47f9-884c-f1ccce5fea64
447,Local > Food & Drink > Restaurants,5b99fc65-2d2f-48d8-ac26-c4b629c0a439
448,Local > Food & Drink > Restaurants,5b99fc65-2d2f-48d8-ac26-c4b629c0a439
449,Local > Food & Drink > Restaurants > Vegetarian Restaurants,7e3a521e-2d39-4d9c-a423-5db1e906bf5a
450,Local > Food & Drink > Restaurants > Vegetarian Restaurants,7e3a521e-2d39-4d9c-a423-5db1e906bf5a
451,Local > Food & Drink > Restaurants > Vegetarian Restaurants,7e3a521e-2d39-4d9c-a423-5db1e906bf5a
452,Local > Food & Drink > Restaurants > Vegetarian Restaurants,7e3a521e-2d39-4d9c-a423-5db1e906bf5a
453,Local > Food & Drink > Restaurants,5b99fc65-2d2f-48d8-ac26-c4b629c0a439
454,Local > Food & Drink > Restaurants,5b99fc65-2d2f-48d8-ac26-c4b629c0a439
455,Local > Food & Drink > Restaurants,5b99fc65-2d2f-48d8-ac26-c4b629c0a439
456,Local > Food & Drink > Restaurants,5b99fc65-2d2f-48d8-ac26-c4b629c0a439
457,Local > Food & Drink > Restaurants,5b99fc65-2d2f-48d8-ac26-c4b629c0a439
458,Local > Food & Drink > Restaurants,5b99fc65-2d2f-48d8-ac26-c4b629c0a439
459,Local > Food & Drink > Restaurants,5b99fc65-2d2f-48d8-ac26-c4b629c0a439
460,Local > Food & Drink > Restaurants,5b99fc65-2d2f-48d8-ac26-c4b629c0a439
461,Local > Food & Drink > Restaurants,5b99fc65-2d2f-48d8-ac26-c4b629c0a439
462,Local > Food & Drink > Restaurants,5b99fc65-2d2f-48d8-ac26-c4b629c0a439
463,Local > Food & Drink > Coffee & Treats,432db251-f8c0-4292-a4d7-ec09f59b3477
464,Local > Food & Drink > Coffee & Treats,432db251-f8c0-4292-a4d7-ec09f59b3477
465,Local > Food & Drink > Coffee & Treats,432db251-f8c0-4292-a4d7-ec09f59b3477
466,Local > Food & Drink > Coffee & Treats,432db251-f8c0-4292-a4d7-ec09f59b3477
467,Local > Food & Drink > Coffee & Treats,432db251-f8c0-4292-a4d7-ec09f59b3477
468,Local > Food & Drink > Coffee & Treats,432db251-f8c0-4292-a4d7-ec09f59b3477
469,Local > Food & Drink,f052f491-36c2-406f-a196-be2c59d281f4
470,Local > Food & Drink,f052f491-36c2-406f-a196-be2c59d281f4
471,Local > Food & Drink,f052f491-36c2-406f-a196-be2c59d281f4
472,Local > Food & Drink > Coffee & Treats,432db251-f8c0-4292-a4d7-ec09f59b3477
473,Local > Food & Drink,f052f491-36c2-406f-a196-be2c59d281f4
474,Local > Food & Drink,f052f491-36c2-406f-a196-be2c59d281f4
475,Local > Food & Drink,f052f491-36c2-406f-a196-be2c59d281f4
476,Local > Food & Drink,f052f491-36c2-406f-a196-be2c59d281f4
477,Local > Food & Drink > Bars,739fc697-f3fd-432f-8a13-24f29656c126
478,Local > Food & Drink > Bars,739fc697-f3fd-432f-8a13-24f29656c126
479,Local > Food & Drink > Bars,739fc697-f3fd-432f-8a13-24f29656c126
480,Local > Food & Drink > Bars,739fc697-f3fd-432f-8a13-24f29656c126
481,Local > Food & Drink > Bars,739fc697-f3fd-432f-8a13-24f29656c126
482,Local > Food & Drink > Bars > Pubs,a659ad01-4cd4-474e-a619-c474781b55f2
483,Local > Food & Drink > Bars,739fc697-f3fd-432f-8a13-24f29656c126
484,Local > Food & Drink > Bars,739fc697-f3fd-432f-8a13-24f29656c126
485,Local > Food & Drink > Bars,739fc697-f3fd-432f-8a13-24f29656c126
486,Local > Food & Drink > Bars > Sports Bars,e3c39895-f2c6-4cc7-9a4c-2e8c294f4b11
487,Local > Local Services,69b3c3a7-6cb8-4b6f-8002-7b8aeb95b599
488,Local > Home Services > Cleaning Services,cdf12438-1b51-4ad2-ab22-ab35e1708272
489,Local > Home Services > Cleaning Services,cdf12438-1b51-4ad2-ab22-ab35e1708272
490,Local > Home Services > Cleaning Services > House Cleaning,4d418591-076d-4755-ac78-018e7c7403d5
491,Local > Home Services > Cleaning Services,cdf12438-1b51-4ad2-ab22-ab35e1708272
492,Local > Home Services > Cleaning Services > Carpet Cleaning,a5a67707-1ca9-4e46-9fd8-084c761f78fc
493,Local > Automotive,b92833c4-49cb-4f5f-83b2-660f6ab111b2
494,Local > Automotive,b92833c4-49cb-4f5f-83b2-660f6ab111b2
495,Local > Automotive > Auto Rental > Car Service,4424351e-9c4b-40d1-8d56-28769105fb76
496,Local > Automotive > Auto Detailing,5fcb8a6a-1e54-40c9-8679-576aa8cc8a9d
497,Local > Automotive,b92833c4-49cb-4f5f-83b2-660f6ab111b2
498,Local > Automotive > Auto Repair > Tires,89c068c8-879c-4195-adfd-fc431710d878
499,Local > Local Services,69b3c3a7-6cb8-4b6f-8002-7b8aeb95b599
500,Local > Local Services,69b3c3a7-6cb8-4b6f-8002-7b8aeb95b599
501,Local > Local Services,69b3c3a7-6cb8-4b6f-8002-7b8aeb95b599
502,Local > Local Services,69b3c3a7-6cb8-4b6f-8002-7b8aeb95b599
503,Local > Local Services,69b3c3a7-6cb8-4b6f-8002-7b8aeb95b599
504,Local > Local Services > Event Rental Services > Catering,6a4c59e5-2c2c-44a9-b7bf-0e762bae52a7
505,Local > Local Services > Photography,6c6ac195-4261-4b1d-b142-f3f8e4ec041f
506,Local > Local Services > Photography,6c6ac195-4261-4b1d-b142-f3f8e4ec041f
507,Local > Local Services > Photography,6c6ac195-4261-4b1d-b142-f3f8e4ec041f
508,Local > Local Services > Photography,6c6ac195-4261-4b1d-b142-f3f8e4ec041f
509,Local > Local Services > Photography,6c6ac195-4261-4b1d-b142-f3f8e4ec041f
510,Local > Local Services > Photography,6c6ac195-4261-4b1d-b142-f3f8e4ec041f
511,Local > Local Services > Pets,496b7d45-23b9-443f-ae6b-363aed683b7e
512,Local > Local Services > Pets,496b7d45-23b9-443f-ae6b-363aed683b7e
513,Local > Local Services > Pets,496b7d45-23b9-443f-ae6b-363aed683b7e
514,Local > Local Services > Pets > Pet Grooming,020fbaab-9a4b-4e5a-b1a1-854000bdb4ec
515,Local > Local Services > Pets,496b7d45-23b9-443f-ae6b-363aed683b7e
516,Local > Local Services > Event Rental Services,3dec05bb-aedc-4277-8538-fd40122081f3
517,Local > Local Services > Event Rental Services,3dec05bb-aedc-4277-8538-fd40122081f3
518,Local > Local Services,69b3c3a7-6cb8-4b6f-8002-7b8aeb95b599
519,Local > Home Services > Contractors > Handyman,df02d65a-8d65-47be-9207-fd82ff7c8285
520,Local > Home Services > Contractors > Handyman,df02d65a-8d65-47be-9207-fd82ff7c8285
521,Local > Home Services > HVAC & Electrical > Electrician,826c90f5-3264-4b8e-976e-ae940ebad2de
522,Local > Home Services > Remodeling > House Painting,47646902-c3bd-4e9b-be43-f961ba5a883f
523,Local > Home Services > Plumbing > Plumbers,fb98836a-b179-4fe5-98ef-8c38a634456a
524,Local > Home Services > Contractors > Handyman,df02d65a-8d65-47be-9207-fd82ff7c8285
525,Local > Home Services > Lawn & Garden > Gardener,4473e0ab-4ef4-4f85-8f75-36261f3e6637
526,Local > Beauty & Spas > Cosmetic Procedures > Tattoo,65ce82eb-5e25-4032-a845-b8ece04c37c4
527,Local > Beauty & Spas > Cosmetic Procedures > Piercing,b0eb3c24-37af-4d01-bc43-ad653aadd47a
528,Local > Beauty & Spas > Cosmetic Procedures > Tattoo,65ce82eb-5e25-4032-a845-b8ece04c37c4
529,Local > Beauty & Spas > Cosmetic Procedures > Tattoo Removal,82d9b5ff-2f51-4752-b2d7-edf49798cea2
530,Local > Beauty & Spas > Cosmetic Procedures > Piercing,b0eb3c24-37af-4d01-bc43-ad653aadd47a
531,Local > Local Services > Personal Services > Movers,23c33d95-0840-4736-bbae-9bed9c8cd142
532,Local > Local Services > Personal Services > Movers,23c33d95-0840-4736-bbae-9bed9c8cd142
533,Local > Local Services > Personal Services,8ed52d04-30a7-4bbd-a972-5a0562c2670c
534,Local > Local Services > Personal Services,8ed52d04-30a7-4bbd-a972-5a0562c2670c
535,Local > Local Services,69b3c3a7-6cb8-4b6f-8002-7b8aeb95b599
536,Local > Local Services,69b3c3a7-6cb8-4b6f-8002-7b8aeb95b599
537,Local > Local Services,69b3c3a7-6cb8-4b6f-8002-7b8aeb95b599
538,Local > Local Services,69b3c3a7-6cb8-4b6f-8002-7b8aeb95b599
539,Local > Local Services,69b3c3a7-6cb8-4b6f-8002-7b8aeb95b599
540,Local > Local Services,69b3c3a7-6cb8-4b6f-8002-7b8aeb95b599
541,Local > Local Services,69b3c3a7-6cb8-4b6f-8002-7b8aeb95b599
542,Local > Local Services,69b3c3a7-6cb8-4b6f-8002-7b8aeb95b599
543,Local > Local Services,69b3c3a7-6cb8-4b6f-8002-7b8aeb95b599
544,Local > Local Services,69b3c3a7-6cb8-4b6f-8002-7b8aeb95b599
545,Local > Local Services,69b3c3a7-6cb8-4b6f-8002-7b8aeb95b599
546,Local > Local Services,69b3c3a7-6cb8-4b6f-8002-7b8aeb95b599
547,Local > Local Services,69b3c3a7-6cb8-4b6f-8002-7b8aeb95b599
548,Local > Events & Activities > Classes,bdff584e-0f4a-48a5-9432-ff7a8ef8e438
549,Local > Events & Activities > Classes,bdff584e-0f4a-48a5-9432-ff7a8ef8e438
550,Local > Events & Activities > Classes > Cooking Classes,4aeb207d-ed27-4b1f-98e0-f2f04ed514fc
551,Local > Events & Activities > Classes > Cooking Classes,4aeb207d-ed27-4b1f-98e0-f2f04ed514fc
552,Local > Events & Activities > Classes > Cooking Classes,4aeb207d-ed27-4b1f-98e0-f2f04ed514fc
553,Local > Events & Activities > Classes,bdff584e-0f4a-48a5-9432-ff7a8ef8e438
554,Local > Events & Activities > Classes,bdff584e-0f4a-48a5-9432-ff7a8ef8e438
555,Local > Events & Activities > Classes,bdff584e-0f4a-48a5-9432-ff7a8ef8e438
556,Local > Events & Activities > Classes,bdff584e-0f4a-48a5-9432-ff7a8ef8e438
557,Local > Events & Activities > Classes,bdff584e-0f4a-48a5-9432-ff7a8ef8e438
558,Local > Events & Activities > Things To Do > Dance Classes,7dbe539c-6966-4636-846d-3964e3bc5d13
559,Local > Events & Activities > Classes > Fitness Classes,bd2b8839-27e4-4ca1-867f-f639da133ea6
560,Local > Events & Activities > Classes > Fitness Classes,bd2b8839-27e4-4ca1-867f-f639da133ea6
561,Local > Events & Activities > Classes,bdff584e-0f4a-48a5-9432-ff7a8ef8e438
562,Local > Events & Activities > Classes,bdff584e-0f4a-48a5-9432-ff7a8ef8e438
563,Local > Events & Activities > Classes,bdff584e-0f4a-48a5-9432-ff7a8ef8e438
564,Local > Events & Activities > Classes,bdff584e-0f4a-48a5-9432-ff7a8ef8e438
565,Local > Events & Activities > Classes > Photography Classes,60948b5c-73ba-4361-9683-ab60622b6c70
566,Local > Events & Activities > Classes > Music Lessons,152dfff1-4cb6-49b3-ac77-763dd71b0fcb
567,Local > Events & Activities > Classes,bdff584e-0f4a-48a5-9432-ff7a8ef8e438
568,Local > Events & Activities > Classes,bdff584e-0f4a-48a5-9432-ff7a8ef8e438
569,Local > Events & Activities > Classes > Acting Classes,7e836302-b2f1-4da5-93bc-73d6eb9f9d7f
570,Local > Events & Activities > Classes,bdff584e-0f4a-48a5-9432-ff7a8ef8e438
571,Local > Local Services,69b3c3a7-6cb8-4b6f-8002-7b8aeb95b599
572,Local > Local Services,69b3c3a7-6cb8-4b6f-8002-7b8aeb95b599
573,Local > Local Services,69b3c3a7-6cb8-4b6f-8002-7b8aeb95b599
574,Local > Local Services > Personal Services,8ed52d04-30a7-4bbd-a972-5a0562c2670c
575,Local > Local Services > Personal Services,8ed52d04-30a7-4bbd-a972-5a0562c2670c
576,Local > Local Services > Personal Services,8ed52d04-30a7-4bbd-a972-5a0562c2670c
577,Local > Local Services > Personal Services,8ed52d04-30a7-4bbd-a972-5a0562c2670c
578,Local > Local Services > Personal Services,8ed52d04-30a7-4bbd-a972-5a0562c2670c
579,Local > Local Services > Personal Services,8ed52d04-30a7-4bbd-a972-5a0562c2670c
580,Local > Local Services,69b3c3a7-6cb8-4b6f-8002-7b8aeb95b599
581,Local > Shopping,c60d65f4-6015-4ed8-b847-d02fd70b5f14
582,Local > Shopping > Food,496e9996-91f0-4695-a091-0afff601a518
583,Local > Shopping > Food,496e9996-91f0-4695-a091-0afff601a518
584,Local > Shopping > Food,496e9996-91f0-4695-a091-0afff601a518
585,Local > Shopping > Food,496e9996-91f0-4695-a091-0afff601a518
586,Local > Shopping > Food,496e9996-91f0-4695-a091-0afff601a518
587,Local > Shopping > Food,496e9996-91f0-4695-a091-0afff601a518
588,Local > Shopping > Food,496e9996-91f0-4695-a091-0afff601a518
589,Local > Shopping > Food,496e9996-91f0-4695-a091-0afff601a518
590,Local > Shopping > Food,496e9996-91f0-4695-a091-0afff601a518
591,Local > Shopping > Food,496e9996-91f0-4695-a091-0afff601a518
592,Local > Shopping > Food,496e9996-91f0-4695-a091-0afff601a518
593,Local > Shopping > Food,496e9996-91f0-4695-a091-0afff601a518
594,Local > Shopping > Food,496e9996-91f0-4695-a091-0afff601a518
595,Local > Shopping,c60d65f4-6015-4ed8-b847-d02fd70b5f14
596,Local > Shopping,c60d65f4-6015-4ed8-b847-d02fd70b5f14
597,Local > Shopping > Apparel,22038a8b-6b1e-4e79-a77b-e50b2582772f
598,Local > Shopping > Apparel,22038a8b-6b1e-4e79-a77b-e50b2582772f
599,Local > Shopping,c60d65f4-6015-4ed8-b847-d02fd70b5f14
600,Local > Shopping,c60d65f4-6015-4ed8-b847-d02fd70b5f14
601,Local > Shopping,c60d65f4-6015-4ed8-b847-d02fd70b5f14
602,Local > Shopping,c60d65f4-6015-4ed8-b847-d02fd70b5f14
603,Local > Shopping,c60d65f4-6015-4ed8-b847-d02fd70b5f14
604,Local > Shopping,c60d65f4-6015-4ed8-b847-d02fd70b5f14
605,Local > Shopping,c60d65f4-6015-4ed8-b847-d02fd70b5f14
606,Local > Shopping > Health & Beauty,f1ed1965-b3ad-4b08-a6b5-fd12714d5eb9
607,Local > Shopping > Health & Beauty,f1ed1965-b3ad-4b08-a6b5-fd12714d5eb9
608,Local > Shopping > Health & Beauty,f1ed1965-b3ad-4b08-a6b5-fd12714d5eb9
609,Local > Shopping > Health & Beauty,f1ed1965-b3ad-4b08-a6b5-fd12714d5eb9
610,Local > Shopping > Health & Beauty,f1ed1965-b3ad-4b08-a6b5-fd12714d5eb9
611,Local > Shopping > Health & Beauty,f1ed1965-b3ad-4b08-a6b5-fd12714d5eb9
612,Local > Shopping > Health & Beauty,f1ed1965-b3ad-4b08-a6b5-fd12714d5eb9
613,Local > Shopping > Health & Beauty,f1ed1965-b3ad-4b08-a6b5-fd12714d5eb9
614,Local > Shopping > Health & Beauty,f1ed1965-b3ad-4b08-a6b5-fd12714d5eb9
615,Local > Shopping,c60d65f4-6015-4ed8-b847-d02fd70b5f14
616,Local > Shopping,c60d65f4-6015-4ed8-b847-d02fd70b5f14
617,Local > Shopping,c60d65f4-6015-4ed8-b847-d02fd70b5f14
618,Local > Shopping,c60d65f4-6015-4ed8-b847-d02fd70b5f14
619,Local > Shopping,c60d65f4-6015-4ed8-b847-d02fd70b5f14
620,Local > Shopping,c60d65f4-6015-4ed8-b847-d02fd70b5f14
621,Local > Shopping > Sports,bf22f3b7-1da1-405a-8d02-027eef7b14a3
622,,#N/A
623,,#N/A
624,Local > Shopping > Electronics,ba05ad4c-c55c-4128-b70a-e2d145b85548
625,Local > Shopping > Electronics,ba05ad4c-c55c-4128-b70a-e2d145b85548
626,Local > Shopping > Electronics,ba05ad4c-c55c-4128-b70a-e2d145b85548
627,Local > Shopping > Electronics,ba05ad4c-c55c-4128-b70a-e2d145b85548
628,Local > Shopping > Electronics,ba05ad4c-c55c-4128-b70a-e2d145b85548
629,Local > Shopping > Electronics,ba05ad4c-c55c-4128-b70a-e2d145b85548
630,Local > Shopping > Electronics,ba05ad4c-c55c-4128-b70a-e2d145b85548
631,Local > Shopping > Electronics,ba05ad4c-c55c-4128-b70a-e2d145b85548
632,Local > Shopping > Electronics,ba05ad4c-c55c-4128-b70a-e2d145b85548
633,Local > Shopping > Electronics,ba05ad4c-c55c-4128-b70a-e2d145b85548
634,Local > Shopping > Electronics,ba05ad4c-c55c-4128-b70a-e2d145b85548
635,Local > Shopping > Electronics,ba05ad4c-c55c-4128-b70a-e2d145b85548
636,Local > Shopping > Health & Beauty,f1ed1965-b3ad-4b08-a6b5-fd12714d5eb9
637,Local > Shopping > Health & Beauty,f1ed1965-b3ad-4b08-a6b5-fd12714d5eb9
638,Local > Shopping,c60d65f4-6015-4ed8-b847-d02fd70b5f14
639,Local > Shopping > Apparel,22038a8b-6b1e-4e79-a77b-e50b2582772f
640,Local > Shopping > Health & Beauty,f1ed1965-b3ad-4b08-a6b5-fd12714d5eb9
641,Local > Shopping > Health & Beauty,f1ed1965-b3ad-4b08-a6b5-fd12714d5eb9
642,Local > Shopping > Home & Garden,f66acf4e-ed76-4d0b-ae71-0449a7cd3457
643,Local > Shopping > Home & Garden,f66acf4e-ed76-4d0b-ae71-0449a7cd3457
644,Local > Shopping > Home & Garden,f66acf4e-ed76-4d0b-ae71-0449a7cd3457
645,Local > Shopping > Home & Garden,f66acf4e-ed76-4d0b-ae71-0449a7cd3457
646,Local > Shopping > Home & Garden,f66acf4e-ed76-4d0b-ae71-0449a7cd3457
647,Local > Shopping > Home & Garden,f66acf4e-ed76-4d0b-ae71-0449a7cd3457
648,Local > Shopping > Home & Garden,f66acf4e-ed76-4d0b-ae71-0449a7cd3457
649,Local > Shopping > Home & Garden,f66acf4e-ed76-4d0b-ae71-0449a7cd3457
650,Local > Shopping > Home & Garden,f66acf4e-ed76-4d0b-ae71-0449a7cd3457
651,Local > Shopping > Home & Garden,f66acf4e-ed76-4d0b-ae71-0449a7cd3457
652,Local > Shopping > Home & Garden,f66acf4e-ed76-4d0b-ae71-0449a7cd3457
653,Local > Shopping > Home & Garden,f66acf4e-ed76-4d0b-ae71-0449a7cd3457
654,Local > Shopping > Sports,bf22f3b7-1da1-405a-8d02-027eef7b14a3
655,Local > Shopping > Sports,bf22f3b7-1da1-405a-8d02-027eef7b14a3
656,Local > Shopping > Sports,bf22f3b7-1da1-405a-8d02-027eef7b14a3
657,Local > Shopping > Sports,bf22f3b7-1da1-405a-8d02-027eef7b14a3
658,Local > Shopping > Sports,bf22f3b7-1da1-405a-8d02-027eef7b14a3
659,Local > Shopping > Sports,bf22f3b7-1da1-405a-8d02-027eef7b14a3
660,Local > Shopping > Sports,bf22f3b7-1da1-405a-8d02-027eef7b14a3
661,Local > Shopping > Sports,bf22f3b7-1da1-405a-8d02-027eef7b14a3
662,Local > Shopping > Sports,bf22f3b7-1da1-405a-8d02-027eef7b14a3
663,Local > Shopping > Arts & Entertainment,6c50981c-eb07-428c-87e5-2de7baf75d05
664,Local > Shopping > Arts & Entertainment,6c50981c-eb07-428c-87e5-2de7baf75d05
665,Local > Shopping > Kids,ba385fb2-5e3e-402c-8395-970188d4e7e2
666,Local > Shopping > Kids,ba385fb2-5e3e-402c-8395-970188d4e7e2
667,Local > Shopping,c60d65f4-6015-4ed8-b847-d02fd70b5f14
668,Local > Shopping,c60d65f4-6015-4ed8-b847-d02fd70b5f14
669,Local > Shopping,c60d65f4-6015-4ed8-b847-d02fd70b5f14
670,Local > Shopping > Health & Beauty,f1ed1965-b3ad-4b08-a6b5-fd12714d5eb9
671,Local > Shopping > Health & Beauty,f1ed1965-b3ad-4b08-a6b5-fd12714d5eb9
672,Local > Shopping > Health & Beauty,f1ed1965-b3ad-4b08-a6b5-fd12714d5eb9
673,Local > Shopping > Health & Beauty,f1ed1965-b3ad-4b08-a6b5-fd12714d5eb9
674,Local > Shopping,c60d65f4-6015-4ed8-b847-d02fd70b5f14
675,Local > Shopping,c60d65f4-6015-4ed8-b847-d02fd70b5f14
676,Local > Shopping > Apparel,22038a8b-6b1e-4e79-a77b-e50b2582772f
677,Local > Shopping > Apparel,22038a8b-6b1e-4e79-a77b-e50b2582772f
678,Local > Shopping > Kids,ba385fb2-5e3e-402c-8395-970188d4e7e2
679,Local > Shopping > Apparel,22038a8b-6b1e-4e79-a77b-e50b2582772f
680,Local > Shopping > Apparel,22038a8b-6b1e-4e79-a77b-e50b2582772f
681,Local > Shopping > Apparel,22038a8b-6b1e-4e79-a77b-e50b2582772f
682,Local > Shopping > Apparel,22038a8b-6b1e-4e79-a77b-e50b2582772f
683,Local > Shopping,c60d65f4-6015-4ed8-b847-d02fd70b5f14
684,Local > Shopping,c60d65f4-6015-4ed8-b847-d02fd70b5f14
685,,#N/A
686,Local > Shopping,c60d65f4-6015-4ed8-b847-d02fd70b5f14
687,Local > Shopping,c60d65f4-6015-4ed8-b847-d02fd70b5f14
688,Local > Shopping,c60d65f4-6015-4ed8-b847-d02fd70b5f14
689,Local > Shopping > Arts & Entertainment,6c50981c-eb07-428c-87e5-2de7baf75d05
690,Local > Shopping > Arts & Entertainment,6c50981c-eb07-428c-87e5-2de7baf75d05
691,Local > Shopping > Electronics,ba05ad4c-c55c-4128-b70a-e2d145b85548
692,Local > Shopping > Electronics,ba05ad4c-c55c-4128-b70a-e2d145b85548
693,Local > Shopping > Home & Garden,f66acf4e-ed76-4d0b-ae71-0449a7cd3457
694,Local > Shopping > Home & Garden,f66acf4e-ed76-4d0b-ae71-0449a7cd3457
695,Local > Shopping > Home & Garden,f66acf4e-ed76-4d0b-ae71-0449a7cd3457
696,Local > Shopping,c60d65f4-6015-4ed8-b847-d02fd70b5f14
697,Local > Shopping > Food,496e9996-91f0-4695-a091-0afff601a518
698,Local > Shopping > Health & Beauty,f1ed1965-b3ad-4b08-a6b5-fd12714d5eb9
699,Local > Shopping > Kids,ba385fb2-5e3e-402c-8395-970188d4e7e2
700,Local > Shopping > Apparel,22038a8b-6b1e-4e79-a77b-e50b2582772f
701,Local > Shopping > Sports,bf22f3b7-1da1-405a-8d02-027eef7b14a3
702,Local > Shopping,c60d65f4-6015-4ed8-b847-d02fd70b5f14
703,Local > Shopping > Health & Beauty,f1ed1965-b3ad-4b08-a6b5-fd12714d5eb9
704,Local > Shopping > Home & Garden,f66acf4e-ed76-4d0b-ae71-0449a7cd3457
705,Local > Shopping,c60d65f4-6015-4ed8-b847-d02fd70b5f14
